id,first_name,last_name,email,gender,ip_address
1,Tyrus,Cullagh,tcullagh0@lulu.com,Male,232.206.187.28
2,Jorie,Moxon,jmoxon1@twitter.com,Female,90.178.215.212
3,Jerome,Garstan,jgarstan2@jimdo.com,Male,52.196.51.53
4,Brad,Simnor,bsimnor3@opera.com,Male,55.250.10.45
5,Kareem,Gurnell,kgurnell4@msu.edu,Male,99.227.129.43
6,Chrystel,Sappson,csappson5@yellowbook.com,Female,173.106.138.255
7,Israel,Jeal,ijeal6@yolasite.com,Male,47.24.207.213
8,Sigismondo,Dickons,sdickons7@istockphoto.com,Male,186.223.212.202
9,Berkly,Henner,bhenner8@is.gd,Male,146.236.111.84
10,Maxy,Joicey,mjoicey9@gov.uk,Male,106.233.93.181
11,Herb,Sidebotton,hsidebottona@oaic.gov.au,Male,45.238.108.111
12,Galen,Bennison,gbennisonb@ox.ac.uk,Male,162.44.217.232
13,Sonni,Lisciandro,slisciandroc@gmpg.org,Female,183.202.55.27
14,Benedikt,Bilovsky,bbilovskyd@tuttocitta.it,Male,111.183.117.115
15,Therine,Macallam,tmacallame@google.pl,Female,237.219.196.173
16,Randi,Issacson,rissacsonf@wunderground.com,Female,86.106.109.132
17,Stacy,Mendel,smendelg@army.mil,Male,199.154.148.64
18,Ambrosio,Mandrier,amandrierh@sfgate.com,Male,233.219.168.151
19,Daisey,Mair,dmairi@bbc.co.uk,Female,204.30.127.58
20,Nolie,Powe,npowej@php.net,Female,58.240.53.110
21,Alejandra,Tweedy,atweedyk@prweb.com,Female,80.41.230.95
22,Natala,Casserley,ncasserleyl@ft.com,Female,240.51.32.92
23,Leonardo,Fiddymont,lfiddymontm@jugem.jp,Male,72.206.65.75
24,Barclay,Coetzee,bcoetzeen@ibm.com,Male,229.55.200.71
25,Sauveur,Davids,sdavidso@deliciousdays.com,Male,90.112.140.166
26,Novelia,Aleksidze,naleksidzep@google.com,Female,219.155.166.231
27,Raine,Warry,rwarryq@flavors.me,Female,82.175.106.42
28,Hurley,Josefsson,hjosefssonr@illinois.edu,Male,254.249.180.111
29,Flem,Chyuerton,fchyuertons@xinhuanet.com,Male,140.230.39.181
30,Libby,Scourge,lscourget@cdc.gov,Female,90.23.60.193
31,Trent,Vallack,tvallacku@npr.org,Male,8.150.124.151
32,Elwin,Donisthorpe,edonisthorpev@state.tx.us,Male,82.121.251.190
33,Sherill,Flay,sflayw@webnode.com,Female,157.156.237.244
34,Blake,Poyle,bpoylex@dailymail.co.uk,Female,19.194.85.152
35,Ab,Bartlomieczak,abartlomieczaky@ucoz.com,Male,113.53.178.174
36,Ashlie,Gadsby,agadsbyz@webeden.co.uk,Female,214.40.44.115
37,Ferd,Worswick,fworswick10@tmall.com,Male,175.87.114.242
38,Pepito,Kuhndel,pkuhndel11@google.com.br,Male,185.12.235.229
39,Charita,Bummfrey,cbummfrey12@spotify.com,Female,28.33.88.200
40,Alejandra,Lintill,alintill13@dailymotion.com,Female,87.167.130.7
41,Cate,Emmitt,cemmitt14@who.int,Female,76.13.159.23
42,Madelyn,Amort,mamort15@hibu.com,Female,239.154.194.120
43,Emmalynne,Pemble,epemble16@arstechnica.com,Female,74.62.223.153
44,Adham,Petrozzi,apetrozzi17@statcounter.com,Male,37.101.56.228
45,Selma,Birchenough,sbirchenough18@adobe.com,Female,20.72.169.131
46,Tracee,M'Quharg,tmquharg19@tamu.edu,Female,223.10.101.169
47,Gloriana,Silverthorn,gsilverthorn1a@telegraph.co.uk,Female,221.193.206.192
48,Clarabelle,Onn,conn1b@blogtalkradio.com,Female,148.203.108.225
49,Marcellus,Knatt,mknatt1c@ycombinator.com,Male,81.51.244.160
50,Lawrence,Bowell,lbowell1d@who.int,Male,197.143.97.4
51,Amelita,Glavin,aglavin1e@gnu.org,Female,127.56.41.100
52,Lindy,Faulconer,lfaulconer1f@senate.gov,Female,165.212.79.229
53,Gardiner,Gansbuhler,ggansbuhler1g@kickstarter.com,Male,153.189.192.94
54,Antoni,Lownds,alownds1h@ox.ac.uk,Male,147.192.42.56
55,Elton,Sorbie,esorbie1i@prlog.org,Male,150.134.118.213
56,Elias,Aynscombe,eaynscombe1j@ifeng.com,Male,13.47.15.31
57,Lil,Whitby,lwhitby1k@etsy.com,Female,69.83.244.150
58,Salvador,Trevorrow,strevorrow1l@biglobe.ne.jp,Male,73.167.42.110
59,Masha,Spir,mspir1m@fc2.com,Female,116.201.77.115
60,Wendie,Michelle,wmichelle1n@a8.net,Female,239.172.49.12
61,Mandie,Hemphrey,mhemphrey1o@wikipedia.org,Female,175.115.56.247
62,Mannie,Seakings,mseakings1p@instagram.com,Male,34.242.111.137
63,Danika,Metcalf,dmetcalf1q@statcounter.com,Female,108.254.203.232
64,Kele,Pellitt,kpellitt1r@myspace.com,Male,160.94.207.86
65,Saidee,Charrington,scharrington1s@liveinternet.ru,Female,198.230.222.115
66,Rania,Eacott,reacott1t@spotify.com,Female,38.63.165.33
67,Caryl,Culcheth,cculcheth1u@prweb.com,Male,39.141.13.58
68,Uri,Shoesmith,ushoesmith1v@ning.com,Male,41.141.49.9
69,Sidney,Martindale,smartindale1w@globo.com,Male,134.208.58.162
70,Leesa,Geill,lgeill1x@bandcamp.com,Female,211.250.181.208
71,Maddy,Collop,mcollop1y@economist.com,Male,142.133.222.135
72,Tessi,Siddle,tsiddle1z@reverbnation.com,Female,165.13.217.149
73,Nari,Ahern,nahern20@storify.com,Female,132.82.16.29
74,Ernesto,Meeks,emeeks21@opera.com,Male,32.67.96.153
75,Wadsworth,Hawkett,whawkett22@blogs.com,Male,136.157.147.201
76,Web,Crisall,wcrisall23@cpanel.net,Male,66.253.54.163
77,Aindrea,Andreasen,aandreasen24@ucoz.ru,Female,3.255.15.34
78,Valida,Giddins,vgiddins25@tinyurl.com,Female,87.25.78.137
79,Lenee,Whittock,lwhittock26@miibeian.gov.cn,Female,233.173.15.230
80,Tatiana,Aim,taim27@ocn.ne.jp,Female,170.11.38.66
81,Reeba,Krysztofowicz,rkrysztofowicz28@nba.com,Female,101.138.36.170
82,Lanna,MacGoun,lmacgoun29@engadget.com,Female,243.61.81.201
83,Reynolds,Pullen,rpullen2a@gov.uk,Male,8.9.251.246
84,Issiah,Pothbury,ipothbury2b@sitemeter.com,Male,229.170.238.144
85,Bell,Siggins,bsiggins2c@goo.ne.jp,Female,143.87.79.128
86,Carmelita,McBratney,cmcbratney2d@ibm.com,Female,95.159.8.188
87,Cchaddie,Bonney,cbonney2e@hexun.com,Male,140.223.254.166
88,Brett,Lince,blince2f@about.com,Male,233.77.33.67
89,Jamima,Faloon,jfaloon2g@dailymotion.com,Female,58.216.229.225
90,Fidelia,Woolaston,fwoolaston2h@gov.uk,Female,216.118.166.13
91,Thain,Grzeszczak,tgrzeszczak2i@salon.com,Male,174.136.218.212
92,Marlie,Adshede,madshede2j@lulu.com,Female,99.112.140.88
93,Heather,Cumpton,hcumpton2k@scribd.com,Female,106.221.92.158
94,Honor,Bohman,hbohman2l@addtoany.com,Female,181.73.123.71
95,Giustino,MacCarter,gmaccarter2m@jimdo.com,Male,70.138.209.222
96,Giselle,Peachman,gpeachman2n@digg.com,Female,218.31.38.184
97,Therine,Karpol,tkarpol2o@latimes.com,Female,126.68.59.171
98,Winni,Shackel,wshackel2p@edublogs.org,Female,72.44.231.242
99,Vachel,Flexman,vflexman2q@ebay.com,Male,233.82.2.45
100,Gill,Bruyet,gbruyet2r@ebay.com,Female,29.63.179.101
